doc_id;bank;field;model_value;model_conf;confidence_source;disagreement;snippet;gold_value;verdict;note;protokol
albaraka--detay-dijital-musterilere-ozel-pratik-finansman-kart;albaraka;tahsis_ucreti;;;;;;;ok;"#recall-opus5 Model deger uretmedi; belgede tahsis/dosya ucreti hic gecmiyor. Bos model_value + metinde de yok = ok (dogru sessizlik).";v2
albaraka--detay-dijital-musterilere-ozel-pratik-finansman-kart;albaraka;masraf_durumu;;;;;;;ok;"#recall-opus5 Model deger uretmedi; metinde masrafsiz/ucret alinmaz turu pozitif bir masraf ifadesi yok. 'Vade farksiz' masraf degil, vade farki (kar orani) ifadesidir.";v2
albaraka--detay-dijital-musterilere-ozel-pratik-finansman-kart;albaraka;odul_miktari;;;;;;;ok;"#recall-opus5 Model deger uretmedi; 40.000 TL hos geldin FINANSMANIDIR, odul/hediye degil. Odul tutari yok, bos birakma dogru.";v2
albaraka--detay-dijital-musterilere-ozel-pratik-finansman-kart;albaraka;indirim_orani;;;;;;;ok;"#recall-opus5 Model deger uretmedi; belgede indirim yuzdesi gecmiyor, gecen yuzdeler kar orani (0%, 3,95%, 3,90%, 3,85%).";v2
albaraka--detay-dijital-musterilere-ozel-pratik-finansman-kart;albaraka;alisveris_puani;;;;;;;ok;"#recall-opus5 Model deger uretmedi; puan/mil/chip-para veya puan iadesi ifadesi belgede yok.";v2
albaraka--tr-urun-ve-hizmet-ucretleri;albaraka;finansman_tutari;;;;;;;ok;"#recall-opus5 Model deger uretmedi. Belge ucret tarifesi sayfasi, tek oznesi yok (4.13/1); finansman tutari bildiren bir satir yok, tablodaki tutarlar islem ucretleri.";v2
albaraka--tr-urun-ve-hizmet-ucretleri;albaraka;taksit_sayisi;;;;;;;ok;"#recall-opus5 Model deger uretmedi; tarife sayfasinda taksit sayisi bildiren bir ifade yok.";v2
albaraka--tr-urun-ve-hizmet-ucretleri;albaraka;tahsis_ucreti;;;;;;;ok;"#recall-opus5 Model deger uretmedi. Sayfadaki tahsis ucretleri oransal (%0,5) ve birden cok urune ait; 4.13/5 geregi para-tipli tahsis_ucreti degeri degil. Bos birakma reddedilecek bir sey uretmedi.";v2
albaraka--tr-urun-ve-hizmet-ucretleri;albaraka;odul_miktari;;;;;;;ok;"#recall-opus5 Model deger uretmedi; tarife sayfasinda odul/hediye/nakit iade yok, tum tutarlar musteriden alinan ucret.";v2
albaraka--tr-urun-ve-hizmet-ucretleri;albaraka;indirim_orani;;;;;;;ok;"#recall-opus5 Model deger uretmedi; tarifedeki yuzdeler komisyon/ucret oranlaridir, indirim degil.";v2
albaraka--tr-urun-ve-hizmet-ucretleri;albaraka;alisveris_puani;;;;;;;ok;"#recall-opus5 Model deger uretmedi; puan/mil ifadesi yok.";v2
albaraka--tr-urun-ve-hizmet-ucretleri;albaraka;hedef_kitle;;;;;;;ok;"#recall-opus5 Model deger uretmedi. Sayfa Bireysel/Ticari basliklariyla urun kirilimi yapiyor; bu urun-kanal ayrimi segment degil (4.13/2), dort etiketten hicbiri icin sinyal yok.";v2
turkiye-finans--bireysel-urun-hizmet-ucretleri;turkiye-finans;kar_payi_orani;4.25;0.85;rule_heuristic;;r Azami Oran Açıklama Güncelleme Tarihi Kâr Oranı % 4.25 BSMV ve KKDF hariçtir. 01.01.2026 00:00:;;absent;#recall-opus5 Model 4.25 uretti ama kaynak Yedek Hesap tarife satiri (Kar Orani %4.25) - ucret tarifesi sayfasinin bir satiri, belgenin anlattigi tek bir ozneye ait degil (4.13/1). #kampanya_disi;v2
turkiye-finans--bireysel-urun-hizmet-ucretleri;turkiye-finans;tahsis_ucreti;;;;;;;ok;"#recall-opus5 Model deger uretmedi. Sayfadaki Tahsis Ucreti satirlari oransal (%0,5) ve bircok ayri urune ait; 4.13/5 geregi para-tipli bir tahsis ucreti degeri degil.";v2
turkiye-finans--bireysel-urun-hizmet-ucretleri;turkiye-finans;masraf_durumu;"{""has_fee"": false, ""amount"": 0.0}";0.95;rule_heuristic;;i Oran Açıklama Güncelleme Tarihi İşlem Ücreti 0 TL 0 TL Ücretsiz 27.01.2022 10:00:00;;absent;#recall-opus5 Model has_fee:false uretti ama kaynak 'Kasadan Hesaba (Para Yatirma) Islem Ucreti 0 TL Ucretsiz' - transfer ucret tarifesi satiri. Belgenin bir oznesi yok. #kampanya_disi;v2
turkiye-finans--bireysel-urun-hizmet-ucretleri;turkiye-finans;odul_miktari;"{""value"": 120.0, ""currency"": ""TRY""}";0.95;rule_heuristic;;Tarihi Çek Defteri (Yaprak Başı) 120 TL 120 TL Çek defter ücretleri, yaprak sayısı ile;;absent;#recall-opus5 Model 120 TL uretti ama kaynak 'Cek Defteri (Yaprak Basi) 120 TL' - musteriden ALINAN ucret satiri, odul/hediye degil. #kampanya_disi;v2
turkiye-finans--bireysel-urun-hizmet-ucretleri;turkiye-finans;indirim_orani;;;;;;;ok;"#recall-opus5 Model deger uretmedi; sayfadaki yuzdeler komisyon/kar/gecikme oranlari, indirim yuzdesi yok.";v2
turkiye-finans--bireysel-urun-hizmet-ucretleri;turkiye-finans;alisveris_puani;;;;;;;ok;"#recall-opus5 Model deger uretmedi; puan/mil/puan iadesi ifadesi yok.";v2
turkiye-finans--bireysel-urun-hizmet-ucretleri;turkiye-finans;kampanya_kosullari;"[""Türkiye Finans'ın 100'ünde Gelecek Olan 5 Üyesi Cumhuriyetimizin Unutulmaz 100'leri Bankacılığın Tarihçesi ve Türkiye'de Bankacılık Türleri Dijital Dünyada Güvenlik İçin Temel İpuçları Avrupa Yeşil Mutabakatı: Sürdürülebilir Ekonomiler İçin Yol Haritası 2023'ü Geride Bırakırken DASK - Zorunlu Deprem Sigortası Nedir?"", ""kişilere ödenen ücretler kapsamında değişmektedir.Ekspertiz işlemlerinde yalnızca üçüncü kişilere ödenen ücretler alınabilir."", ""kişilere ödenen ücretler kapsamında değişmektedir.Ekspertiz işlemlerinde yalnızca üçüncü kişilere ödenen ücretler alınabilir."", ""kişilere ödenen ücretler kapsamında değişmektedir.Ekspertiz işlemlerinde yalnızca üçüncü kişilere ödenen ücretler alınabilir."", ""01.01.2020 00:00:00 İhtiyaç Finansmanı Finansman Oranları ve Ücretleri Masraf Asgari Tutar Asgari Oran Azami Tutar Azami Oran Açıklama Güncelleme Tarihi Vade: 0-6 ay % 9 15.05.2026 00:00:00 Vade: 7-12 ay % 9 15.05.2026 00:00:00 Vade: 13-24 ay % 9 15.05.2026 00:00:00 Vade: 25-36 ay % 9 15.05.2026 00:00:00 Tahsis Ücreti % 0.5 Finansman Tahsis Ücreti hesaplamasına %15 BSMV dahil edilmektedir."", ""02.01.2026 00:00:00 Taşıt Finansman Oranları ve Ücretleri Masraf Asgari Tutar Asgari Oran Azami Tutar Azami Oran Açıklama Güncelleme Tarihi Vade: 0-12 ay % 9 15.05.2026 00:00:00 Vade: 13-24 ay % 9 15.05.2026 00:00:00 Vade: 25-36 ay % 9 15.05.2026 00:00:00 Vade: 37-48 ay % 9 15.05.2026 00:00:00 Tahsis Ücreti % 0.5 Finansman Tahsis Ücreti hesaplamasına %15 BSMV dahil edilmektedir."", ""02.01.2026 00:00:00 Yedek Hesap Yedek Hesap Oranları Masraf Asgari Tutar Asgari Oran Azami Tutar Azami Oran Açıklama Güncelleme Tarihi Kâr Oranı % 4.25 BSMV ve KKDF hariçtir."", ""01.01.2026 00:00:00 Gecikme Cezası % 4.55 BSMV ve KKDF hariçtir.""]";0.65;rule_heuristic;;Yarar? Kredi Notu (Kredi Puanı) Nedir? Türkiye Finans'ın 100'ünde Gelecek Olan 5 Üyesi Cumhuriyetimizin Unutulmaz 100'leri Bankacılığın Tarihçesi ve Türkiye'de Bankacılık Türleri Dijital Dünyada Güvenlik İçin Temel İpuçları Avrupa Yeşil Mutabakatı: Sürdürülebilir Ekonomiler İçin Yol Haritası 2023'ü ;;absent;"#recall-opus5 Model kosul diye blog basliklari ve ekspertiz/tarife tablosu parcalari uretti; hicbiri bu belgenin oznesine ait kosul cumlesi degil. K2/K4 sonrasi geriye kosul kalmiyor. #kampanya_disi";v2
turkiye-finans--bireysel-urun-hizmet-ucretleri;turkiye-finans;hedef_kitle;"[""belirli_segment"", ""maas_musterisi"", ""yeni_musteri""]";0.95;rule_heuristic;;Tüm Renkleri Buluşturan Güzellikleriyle Hoş Geldin Ramazan! İşsizlik Maaşı (İşsizlik Ödene;;absent;"#recall-opus5 Model uc etiket uretti; gosterdigi yer blog listesi. Tarife sayfasinda hicbir segment sinyali yok, etiketler yan menu metninden turetilmis. #kampanya_disi";v2
kuveyt-turk--katilma-hesaplari-birikimli-katilma-hesabi;kuveyt-turk;taksit_sayisi;;;;;;;ok;"#recall-opus5 Model deger uretmedi. Belgede 'taksit' kelimesi hic gecmiyor - kelime testi geregi taksit sayisi verilmemistir; oradaki sayilar vade/odeme periyodu.";v2
kuveyt-turk--katilma-hesaplari-birikimli-katilma-hesabi;kuveyt-turk;tahsis_ucreti;;;;;;;ok;"#recall-opus5 Model deger uretmedi. Belgede tahsis/dosya ucreti gecmiyor; 'ek bir ucret odemenize gerek yoktur' hesap acilis ucretine dair genel ifade.";v2
kuveyt-turk--katilma-hesaplari-birikimli-katilma-hesabi;kuveyt-turk;masraf_durumu;"{""has_fee"": false, ""amount"": 0.0}";0.95;rule_heuristic;;ikimli Katılma Hesabı açmak için ek bir ücret ödemenize gerek yoktur. Tek bir talimat;;ok;"#recall-opus5 Model has_fee:false/amount:0 uretti; kaynak belgenin kendi oznesine ait 'Birikimli Katilma Hesabi acmak icin ek bir ucret odemenize gerek yoktur.' Negasyon kurali geregi masrafin SIFIR oldugunun pozitif ifadesi. Deger dogru.";v2
kuveyt-turk--katilma-hesaplari-birikimli-katilma-hesabi;kuveyt-turk;odul_miktari;;;;;;;ok;"#recall-opus5 Model deger uretmedi; belgede odul/hediye/nakit iade yok, gecen tutarlar acilis bakiyesi ve TMSF guvence limiti.";v2
kuveyt-turk--katilma-hesaplari-birikimli-katilma-hesabi;kuveyt-turk;indirim_orani;;;;;;;ok;"#recall-opus5 Model deger uretmedi; belgedeki yuzdeler stopaj, paylasim ve erken kapamada kesilen kar payi oranlaridir, indirim degil.";v2
kuveyt-turk--katilma-hesaplari-birikimli-katilma-hesabi;kuveyt-turk;alisveris_puani;;;;;;;ok;"#recall-opus5 Model deger uretmedi; birikim hesabi urunu, puan/mil ifadesi yok.";v2
kuveyt-turk--katilma-hesaplari-birikimli-katilma-hesabi;kuveyt-turk;kampanya_kosullari;"[""Minimum 3 yıl vade ile açabileceğiniz hesabınız sayesinde zamanla yüksek oranda tasarruf sağlayabilirsiniz."", ""Birikimli Katılma Hesabı Özellikleri En az 3 yıl, en çok 10 yıl vade ile hesap açabilirsiniz."", ""Açılış için hesabınızda minimum 150 TL, 100 dolar, 100 euro veya 50 gr altın olması gerekir."", ""Belirlediğiniz periyotlarla yatırabileceğiniz minimum tutar 50 TL, 50 dolar, 50 euro ya da 1 gram altındır."", ""Vadeden önce yalnızca 3 kez para çekebilir ya da tek seferde anaparanın %50'sine kadar istediğiniz tutarı çekebilirsiniz."", ""Hesap Türleri ve Limitleri Birikimli Katılma Hesabı Oranları(%) Para Birimi Açılış Bakiyesi Paylaşım Oranı (Asgari 3 Yıl, Azami 10 yıl) Stopaj Oranları TL 150 97-3 10* USD 100 40-60 25 EUR 100 40-60 25 Altın 50 40-60 15 i."", ""Katılma Hesabı açtığınızda, aylık minimum oranlarda ödeme yapabilirsiniz."", ""Ayrıca düzenli ödeme yapma zorunluluğunuz yoktur.""]";0.95;rule_heuristic;;eyenlere uygun katılma hesabı ürünüdür. Minimum 3 yıl vade ile açabileceğiniz hesabınız sayesinde zamanla yüksek oranda tasarruf sağlayabilirsiniz. Siz de şimdi Birikimli Katılma Hesabını;;unclear;"#recall-opus5 Modelin listesinde uc kusur var: (a) K3 ihlali - vade ifadeleri vade_ay alanina ait, kosula tekrar yazilmaz; (b) tablo dokumu cumle degil; (c) son iki madde SSS'de karsilastirilan farkli urune ait. Dogru liste kurulabilir ama birebir alinti dogrulanamadi -> metrik disi.";v2
kuveyt-turk--katilma-hesaplari-birikimli-katilma-hesabi;kuveyt-turk;hedef_kitle;"[""yeni_musteri""]";0.95;rule_heuristic;;ı Katılma Hesabı Dijital Katılma Hesabı Hoş Geldin Katılma Hesabı Sepet Hesap İncir Katılm;;absent;"#recall-opus5 Model yeni_musteri uretti ama gosterdigi yer yan menudeki urun listesi ('Hos Geldin Katilma Hesabi'); belgede segment sinyali yok, urun herkese acik.";v2
kuveyt-turk--kart-kampanyalari-saglam-business-karttan-dev-kampanya-3-ay-erteleme-ve-349-oran;kuveyt-turk;kar_payi_orani;3.49;0.95;rule_heuristic;;ay ertelemeyle birlikte harcamalarınızı %3,49 kâr payıyla toplamda 9 taksite bölebilirsiniz. H;;ok;#recall-opus5 Metin birebir destekliyor: 'harcamalarinizi %3,49 kar payiyla toplamda 9 taksite bolebilirsiniz'. Kampanyanin yururlukteki asil orani 3.49.;v2
kuveyt-turk--kart-kampanyalari-saglam-business-karttan-dev-kampanya-3-ay-erteleme-ve-349-oran;kuveyt-turk;finansman_tutari;"{""value"": 300.0, ""currency"": ""TRY""}";0.95;rule_heuristic;;pılabilmesi için minimum harcama tutarı 300 TL'dir. 300 TL altındaki işlemler tek çeki;;absent;#recall-opus5 Model 300 TL uretti ama bu 'taksit yapilabilmesi icin minimum HARCAMA tutari' - kosul esigidir, finansman tutari degil. Kampanya 'ust tutar siniri olmaksizin' diyor.;v2
kuveyt-turk--kart-kampanyalari-saglam-business-karttan-dev-kampanya-3-ay-erteleme-ve-349-oran;kuveyt-turk;tahsis_ucreti;;;;;;;ok;"#recall-opus5 Model deger uretmedi; belgede tahsis/dosya ucreti gecmiyor (gecen tek ucret ifadesi kart ucreti).";v2
kuveyt-turk--kart-kampanyalari-saglam-business-karttan-dev-kampanya-3-ay-erteleme-ve-349-oran;kuveyt-turk;masraf_durumu;"{""has_fee"": false, ""amount"": 0.0}";0.95;rule_heuristic;;ss Kart sahiplerinden herhangi bir kart ücreti alınmamaktadır. Yaptığınız işlemleri ü;;ok;"#recall-opus5 Kaynak kampanyanin kendi urunune ait: 'Saglam Business Kart sahiplerinden herhangi bir kart ucreti alinmamaktadir.' Negasyon kurali geregi ucretin sifir oldugunun pozitif ifadesi; has_fee:false dogru.";v2
kuveyt-turk--kart-kampanyalari-saglam-business-karttan-dev-kampanya-3-ay-erteleme-ve-349-oran;kuveyt-turk;indirim_orani;;;;;;;ok;"#recall-opus5 Model deger uretmedi; metinde indirimden soz ediliyor ama hicbir yuzde verilmiyor. Sayi yok, bos birakma dogru.";v2
kuveyt-turk--kart-kampanyalari-saglam-business-karttan-dev-kampanya-3-ay-erteleme-ve-349-oran;kuveyt-turk;alisveris_puani;;;;;;;ok;"#recall-opus5 Model deger uretmedi; puan/mil/puan iadesi ifadesi belgede yok.";v2
kuveyt-turk--kart-kampanyalari-saglam-business-karttan-dev-kampanya-3-ay-erteleme-ve-349-oran;kuveyt-turk;kampanya_kosullari;"[""Harcama yapmadan önce mobil şubeden taksit sayısını veya ertelemeyi seçmeniz gerekmektedir."", ""Kuveyt Türk, önceden haber vermeden kampanya koşullarında değişiklik yapabilir ya da kampanyayı sonlandırabilir."", ""Sağlam Business Kart ile yapılan işlemlere taksit yapılabilmesi için minimum harcama tutarı 300 TL'dir."", ""Kuyum harcamalarında, mahkeme ve para cezalarında, bağış, kontör, sigorta, vergi ve fatura ödemelerinde, kablolu ve diğer ödemeli TV hizmetlerinde yalnızca tek çekim olarak işlem yapılabilir.""]";0.95;rule_heuristic;;ıyla toplamda 9 taksite bölebilirsiniz. Harcama yapmadan önce mobil şubeden taksit sayısını veya ertelemeyi seçmeniz gerekmektedir. Kampanya 31.12.2026 tarihine kadar geçe;;unclear;#recall-opus5 Uc madde dogru, ancak modelin ikinci maddesi ('onceden haber vermeden kampanya kosullarinda degisiklik yapabilir') K2 geregi genel yasal ihtardir ve kosul sayilmaz. Duzeltilmis liste birebir alinti olarak dogrulanamadi -> metrik disi.;v2
kuveyt-turk--kart-kampanyalari-saglam-business-karttan-dev-kampanya-3-ay-erteleme-ve-349-oran;kuveyt-turk;hedef_kitle;;;;;;;ok;"#recall-opus5 Model deger uretmedi. 'Kuveyt Turk Musterilerine ozel' ayirt etmeyen bir ifadedir; Saglam Business kisiti urun/isletme kisitidir, KIM testine gore segment degil (4.13/2).";v2
kuveyt-turk--kampanya-arsivi-hepsiburada-alisveris-finansmaninda-enerji-tasarrufu-haftasina-o;kuveyt-turk;taksit_sayisi;;;;;;;ok;"#recall-opus5 Model deger uretmedi. Metindeki tek sayi '36 aya varan taksit secenegi' ay cinsindendir ve vade_ay'a aittir; ayni cumleden ikinci bir alan turetilemez.";v2
kuveyt-turk--kampanya-arsivi-hepsiburada-alisveris-finansmaninda-enerji-tasarrufu-haftasina-o;kuveyt-turk;tahsis_ucreti;;;;;;;ok;"#recall-opus5 Model deger uretmedi; belgede tahsis/dosya ucreti yok. Ornek odeme planindaki maliyet oranlari ucret tutari degildir.";v2
kuveyt-turk--kampanya-arsivi-hepsiburada-alisveris-finansmaninda-enerji-tasarrufu-haftasina-o;kuveyt-turk;masraf_durumu;;;;;;;ok;"#recall-opus5 Model deger uretmedi; belgede ne masraf tutari ne de masrafsiz/ucret alinmaz turu bir negasyon var. Dogru sessizlik.";v2
kuveyt-turk--kampanya-arsivi-hepsiburada-alisveris-finansmaninda-enerji-tasarrufu-haftasina-o;kuveyt-turk;odul_miktari;;;;;;;ok;"#recall-opus5 Model bir değer üretmedi; belgede ödül/hediye/nakit iade tutarı da yok (yalnız %3.99 kar payı ve 36 ay vade). Doğru sessizlik (TN) — model_value boş olduğu için absent değil ok.";v2
kuveyt-turk--kampanya-arsivi-hepsiburada-alisveris-finansmaninda-enerji-tasarrufu-haftasina-o;kuveyt-turk;indirim_orani;;;;;;;ok;"#recall-opus5 Model boş; belgede indirim yüzdesi yok. Metindeki %3.99 kar payı oranıdır, indirim değildir. Boş model_value -> ok.";v2
kuveyt-turk--kampanya-arsivi-hepsiburada-alisveris-finansmaninda-enerji-tasarrufu-haftasina-o;kuveyt-turk;alisveris_puani;;;;;;;ok;"#recall-opus5 Model boş; belgede puan/mil/chip-para ne oran ne adet olarak geçiyor. Doğru sessizlik.";v2
kuveyt-turk--kampanya-arsivi-hepsiburada-alisveris-finansmaninda-enerji-tasarrufu-haftasina-o;kuveyt-turk;kampanya_kosullari;"[""Kuveyt Türk, önceden haber vermeden kampanya koşullarında değişiklik yapabilir ya da kampanyayı sonlandırabilir.""]";0.95;rule_heuristic;;k tarafından müşterilere sağlanacaktır. Kuveyt Türk, önceden haber vermeden kampanya koşullarında değişiklik yapabilir ya da kampanyayı sonlandırabilir. Kuveyt Türk Hepsiburada Alışveriş Finan;Kampanya, Hepsiburada mobil uygulaması üzerinden yapacağınız alışverişlerde geçerlidir.;fix;"#recall-opus5 Modelin tek verdiği cümle genel yasal ihtardır (değişiklik yapma/sonlandırma hakkı) — K2 gereği koşul değildir, atılır. Ancak belgede gerçek bir kanal kısıtı var ve model onu kaçırmış; K1 uyarınca birebir alındı. #kacirma";v2
kuveyt-turk--kampanya-arsivi-hepsiburada-alisveris-finansmaninda-enerji-tasarrufu-haftasina-o;kuveyt-turk;hedef_kitle;;;;;;;ok;"#recall-opus5 Model boş; belgede dört etiketten hiçbirine karşılık gelen segment sinyali yok (kampanya herkese açık, yalnız kanal/ürün kısıtı var — §4.13/2). Boş model_value -> ok.";v2
kuveyt-turk--kampanya-arsivi-elektrikli-arac-sarj-unitesi-finansmaninda-enerji-tasarrufu-haft;kuveyt-turk;taksit_sayisi;;;;;;;ok;"#recall-opus5 Metinde yalnız 36 aya varan taksit seçeneği geçiyor; sayı AY cinsindendir ve vade_ay'a aittir. Ayrı bir taksit adedi verilmemiş. Model boş bıraktı, doğru.";v2
kuveyt-turk--kampanya-arsivi-elektrikli-arac-sarj-unitesi-finansmaninda-enerji-tasarrufu-haft;kuveyt-turk;tahsis_ucreti;;;;;;;ok;"#recall-opus5 Model boş; belgede tahsis/dosya ücreti ne tutar ne de alınmaz ifadesi olarak geçiyor. Doğru sessizlik.";v2
kuveyt-turk--kampanya-arsivi-elektrikli-arac-sarj-unitesi-finansmaninda-enerji-tasarrufu-haft;kuveyt-turk;masraf_durumu;;;;;;;ok;"#recall-opus5 Model boş; belgede ne masraf tutarı ne de masrafsız/alınmaz türü pozitif negasyon var. Örnek ödeme planındaki maliyet oranları masraf beyanı değildir.";v2
kuveyt-turk--kampanya-arsivi-elektrikli-arac-sarj-unitesi-finansmaninda-enerji-tasarrufu-haft;kuveyt-turk;odul_miktari;;;;;;;ok;"#recall-opus5 Model boş; belgede ödül/hediye/iade tutarı yok. Doğru sessizlik.";v2
kuveyt-turk--kampanya-arsivi-elektrikli-arac-sarj-unitesi-finansmaninda-enerji-tasarrufu-haft;kuveyt-turk;indirim_orani;;;;;;;ok;"#recall-opus5 Model boş; belgede indirim yüzdesi yok, %4.19 kar payı oranıdır. Boş model_value -> ok.";v2
kuveyt-turk--kampanya-arsivi-elektrikli-arac-sarj-unitesi-finansmaninda-enerji-tasarrufu-haft;kuveyt-turk;alisveris_puani;;;;;;;ok;"#recall-opus5 Model boş; belgede puan/mil oranı veya adedi geçmiyor. Doğru sessizlik.";v2
kuveyt-turk--kampanya-arsivi-elektrikli-arac-sarj-unitesi-finansmaninda-enerji-tasarrufu-haft;kuveyt-turk;kampanya_kosullari;"[""Kuveyt Türk, önceden haber vermeden kampanya koşullarında değişiklik yapabilir ya da kampanyayı sonlandırabilir.""]";0.95;rule_heuristic;;k tarafından müşterilere sağlanacaktır. Kuveyt Türk, önceden haber vermeden kampanya koşullarında değişiklik yapabilir ya da kampanyayı sonlandırabilir. Kuveyt Türk Elektrikli Araç Şarj Ünites;;absent;"#recall-opus5 Modelin ürettiği tek cümle genel yasal ihtardır (önceden haber vermeden değişiklik/sonlandırma) — K2 gereği koşul sayılmaz. K2 sonrası geriye cümle kalmıyor; şubeden başvuru cümlesi kısıt değil bilgilendirmedir. K4 -> absent.";v2
kuveyt-turk--kampanya-arsivi-elektrikli-arac-sarj-unitesi-finansmaninda-enerji-tasarrufu-haft;kuveyt-turk;hedef_kitle;;;;;;;ok;"#recall-opus5 Model boş; belgede segment sinyali yok, kampanya herkese açık. Boş model_value -> ok.";v2
kuveyt-turk--kampanya-arsivi-bisiklet-finansmaninda-enerji-tasarrufu-haftasina-ozel-419-kar-o;kuveyt-turk;taksit_sayisi;;;;;;;ok;"#recall-opus5 Yalnız 36 aya varan taksit seçeneği var; sayı ay cinsindendir ve vade_ay'a aittir, ayrı bir taksit adedi verilmemiş. Model boş bıraktı, doğru.";v2
kuveyt-turk--kampanya-arsivi-bisiklet-finansmaninda-enerji-tasarrufu-haftasina-ozel-419-kar-o;kuveyt-turk;tahsis_ucreti;;;;;;;ok;"#recall-opus5 Model boş; belgede tahsis/dosya ücreti bilgisi yok. Doğru sessizlik.";v2
kuveyt-turk--kampanya-arsivi-bisiklet-finansmaninda-enerji-tasarrufu-haftasina-ozel-419-kar-o;kuveyt-turk;masraf_durumu;;;;;;;ok;"#recall-opus5 Model boş; belgede masraf tutarı da masrafsız beyanı da yok. Örnek ödeme planındaki maliyet oranları masraf durumu değildir.";v2
kuveyt-turk--kampanya-arsivi-bisiklet-finansmaninda-enerji-tasarrufu-haftasina-ozel-419-kar-o;kuveyt-turk;odul_miktari;;;;;;;ok;"#recall-opus5 Model boş; belgede ödül/hediye/iade tutarı yok. Doğru sessizlik.";v2
kuveyt-turk--kampanya-arsivi-bisiklet-finansmaninda-enerji-tasarrufu-haftasina-ozel-419-kar-o;kuveyt-turk;indirim_orani;;;;;;;ok;"#recall-opus5 Model boş; belgede indirim yüzdesi yok, %4.19 kar payı oranıdır. Boş model_value -> ok.";v2
kuveyt-turk--kampanya-arsivi-bisiklet-finansmaninda-enerji-tasarrufu-haftasina-ozel-419-kar-o;kuveyt-turk;alisveris_puani;;;;;;;ok;"#recall-opus5 Model boş; belgede puan oranı veya adedi geçmiyor. Doğru sessizlik.";v2
kuveyt-turk--kampanya-arsivi-bisiklet-finansmaninda-enerji-tasarrufu-haftasina-ozel-419-kar-o;kuveyt-turk;kampanya_kosullari;"[""Kuveyt Türk, önceden haber vermeden kampanya koşullarında değişiklik yapabilir ya da kampanyayı sonlandırabilir.""]";0.95;rule_heuristic;;k tarafından müşterilere sağlanacaktır. Kuveyt Türk, önceden haber vermeden kampanya koşullarında değişiklik yapabilir ya da kampanyayı sonlandırabilir. Kuveyt Türk Bisiklet Finansmanı'na iste;;absent;"#recall-opus5 Modelin ürettiği tek cümle genel yasal ihtardır — K2 gereği koşul değildir; her kampanyada tekrarlandığı için sıfır bilgi taşır. K2 sonrası koşul kalmıyor, K4 -> absent.";v2
kuveyt-turk--kampanya-arsivi-bisiklet-finansmaninda-enerji-tasarrufu-haftasina-ozel-419-kar-o;kuveyt-turk;hedef_kitle;;;;;;;ok;"#recall-opus5 Model boş; belgede dört etiketten birine karşılık gelen segment sinyali yok. Boş model_value -> ok.";v2
ziraat-katilim--kart-kampanyalari-troy-kartla-drda-1000-tlye-varan-indirim;ziraat-katilim;kar_payi_orani;;;;;;;ok;"#recall-opus5 Model boş; kart indirim kampanyasıdır, finansman kâr payı oranı geçmiyor. Doğru sessizlik.";v2
ziraat-katilim--kart-kampanyalari-troy-kartla-drda-1000-tlye-varan-indirim;ziraat-katilim;vade_ay;;;;;;;ok;"#recall-opus5 Model boş; belgede vade yok. Sayfa altındaki 4 Taksit ifadeleri Diğer Kampanyalar bloğuna aittir, bu kampanyaya değil. Boş model_value -> ok.";v2
ziraat-katilim--kart-kampanyalari-troy-kartla-drda-1000-tlye-varan-indirim;ziraat-katilim;tahsis_ucreti;;;;;;;ok;"#recall-opus5 Model boş; belgede tahsis/dosya ücreti geçmiyor. Doğru sessizlik.";v2
ziraat-katilim--kart-kampanyalari-troy-kartla-drda-1000-tlye-varan-indirim;ziraat-katilim;masraf_durumu;;;;;;;ok;"#recall-opus5 Model boş; kargo bedeli hariç ifadesi masraf beyanı değil sepet tutarı hesaplama kuralıdır, masrafsız türü pozitif negasyon da yok.";v2
ziraat-katilim--kart-kampanyalari-troy-kartla-drda-1000-tlye-varan-indirim;ziraat-katilim;odul_miktari;"{""value"": 200.0, ""currency"": ""TRY""}";0.95;rule_heuristic;;"gula"" butonuna tıklanarak seçilmelidir. 200 TL indirime hak kazanmak için; kargo bedel";"{""value"": 1000.0, ""currency"": ""TRY""}";fix;#recall-opus5 Alan doğru (§4.13/3 tutar cinsinden indirim -> odul_miktari) ama değer eksik: 200 TL tek işlem başına, kampanyanın müşteri başına tavanı 1.000 TL'ye varan indirim. En yüksek/tavan değer kuralı gereği 1000. 200 TL koşulu kampanya_kosullari'nda. #tutar_indirimi;v2
ziraat-katilim--kart-kampanyalari-troy-kartla-drda-1000-tlye-varan-indirim;ziraat-katilim;indirim_orani;;;;;;;ok;"#recall-opus5 Model boş; indirim tutar cinsindendir, metinde yüzde geçmiyor (§4.13/3 gereği bu alan boş kalır). Model bir şey üretmediği için ok.";v2
ziraat-katilim--kart-kampanyalari-troy-kartla-drda-1000-tlye-varan-indirim;ziraat-katilim;alisveris_puani;;;;;;;ok;"#recall-opus5 Model boş; kazanç puan değil doğrudan sepet indirimidir. Yan bloktaki Bankkart Lira ifadeleri başka kampanyalara aittir. Doğru sessizlik.";v2
ziraat-katilim--kart-kampanyalari-troy-kartla-drda-1000-tlye-varan-indirim;ziraat-katilim;kampanya_kosullari;"[""200 TL indirime hak kazanmak için; kargo bedeli hariç sepet tutarı tek seferde 1.000 TL ve üzeri olmalıdır."", ""Kampanya Koşulları: Kampanya 15 Haziran 2026 saat 00.01 – 15 Temmuz 2026 saat 23.59 arasında geçerlidir."", ""Kampanya bireysel ve ticari tüm TROY logolu banka ve kredi kartları için geçerlidir."", ""Kampanyadan faydalanmak için, TROY200 kupon kodu kullanımı gereklidir."", ""200 TL indirime hak kazanabilmek için, kargo bedeli hariç sepet tutarının tek seferde 1.000 TL ve üzeri olması gerekmektedir."", ""İndirimin uygulanabilmesi için ödemenin TROY logolu kart ile yapılması zorunludur."", ""Kampanyaya katılan herkes kampanya koşullarını kabul etmiş sayılır."", ""Katılım koşullarını www.dr.com.tr web sitesi ve/veya mobil uygulamasından takip etmek kullanıcının sorumluluğundadır.""]";0.95;rule_heuristic;;"gula"" butonuna tıklanarak seçilmelidir. 200 TL indirime hak kazanmak için; kargo bedeli hariç sepet tutarı tek seferde 1.000 TL ve üzeri olmalıdır. Kampanya Koşulları: Kampanya 15 Haziran";"200 TL indirime hak kazanmak için; kargo bedeli hariç sepet tutarı tek seferde 1.000 TL ve üzeri olmalıdır. | Her bir TROY kart için toplamda maksimum 1.000 TL indirim sağlanabilir. | Kampanya bireysel ve ticari tüm TROY logolu banka ve kredi kartları için geçerlidir. | Kampanyadan faydalanmak için, TROY200 kupon kodu kullanımı gereklidir. | İndirimin uygulanabilmesi için ödemenin TROY logolu kart ile yapılması zorunludur. | Kampanya, D&R mobil uygulaması ve www.dr.com.tr yapılacak alışverişlerde geçerlidir. D&R fiziksel mağazalarında geçerli değildir. | BKM Express, Garanti Pay, World Pay vb. dijital cüzdanlar üzerinden kullanılan TROY kart ile yapılan ödemeler kampanya kapsamının dışındadır. | İptal veya iade edilen siparişler kampanya kapsamına dâhil değildir.";fix;"#recall-opus5 Modelin listesinde iki hata var: sadece geçerlilik tarihi bildiren cümle (kampanya_suresi'ne ait) ve iki genel yasal ihtar cümlesi (K2) koşul sayılmış; ayrıca aynı koşul iki kez tekrarlanmış. Buna karşılık kanal, kart, tavan ve kapsam dışı koşulları kaçırılmış. Kalan cümleler K1 uyarınca birebir alındı.";v2
ziraat-katilim--kart-kampanyalari-troy-kartla-drda-1000-tlye-varan-indirim;ziraat-katilim;hedef_kitle;;;;;;;ok;"#recall-opus5 Model boş; bireysel ve ticari tüm TROY logolu kartlar ifadesi ürün kısıtıdır, segment değil (§4.13/2). Segment sinyali yok -> boş model_value ok.";v2
ziraat-katilim--kart-kampanyalari-size-ozel-banka-karti-kampanyasi;ziraat-katilim;kar_payi_orani;;;;;;;ok;"#recall-opus5 Model boş; banka kartı iade kampanyasıdır, kâr payı oranı geçmiyor. Doğru sessizlik.";v2
ziraat-katilim--kart-kampanyalari-size-ozel-banka-karti-kampanyasi;ziraat-katilim;vade_ay;;;;;;;ok;"#recall-opus5 Model boş; belgede vade yok. Alttaki 4 Taksit ifadeleri Diğer Kampanyalar bloğundandır, bu kampanyaya ait değil. Boş model_value -> ok.";v2
ziraat-katilim--kart-kampanyalari-size-ozel-banka-karti-kampanyasi;ziraat-katilim;tahsis_ucreti;;;;;;;ok;"#recall-opus5 Model boş; belgede tahsis/dosya ücreti geçmiyor. Doğru sessizlik.";v2
ziraat-katilim--kart-kampanyalari-size-ozel-banka-karti-kampanyasi;ziraat-katilim;masraf_durumu;;;;;;;ok;"#recall-opus5 Model boş; belgede masraf tutarı da masrafsız/ücret alınmaz türü pozitif ifade de yok. Doğru sessizlik.";v2
ziraat-katilim--kart-kampanyalari-size-ozel-banka-karti-kampanyasi;ziraat-katilim;odul_miktari;"{""value"": 250.0, ""currency"": ""TRY""}";0.95;rule_heuristic;;tek seferde 1.000 TL ve üzeri harcamaya 250 TL iade edilecektir. Kampanya müşteri özel;;ok;#recall-opus5 250 TL iade metinde açıkça geçiyor ve müşteri başına tavan da 250 TL, yani değer ve para birimi doğru. TP.;v2
ziraat-katilim--kart-kampanyalari-size-ozel-banka-karti-kampanyasi;ziraat-katilim;indirim_orani;;;;;;;ok;"#recall-opus5 Model boş; kazanç yüzde indirim değil sabit tutarlı iadedir, metinde yüzde geçmiyor. Boş model_value -> ok.";v2
ziraat-katilim--kart-kampanyalari-size-ozel-banka-karti-kampanyasi;ziraat-katilim;alisveris_puani;;;;;;;ok;"#recall-opus5 Model boş; 250 TL nakit iadedir, puan/oran değildir (odul_miktari'na yazıldı). Yan bloktaki Bankkart Lira başka kampanyalara aittir. Doğru sessizlik.";v2
ziraat-katilim--kart-kampanyalari-size-ozel-banka-karti-kampanyasi;ziraat-katilim;kampanya_kosullari;"[""Kampanyaya hak kazanan müşterilerimize iadelerin yapılabilmesi için iade tarihinde hesaplarının ve kartlarının açık olması gerekmektedir."", ""Ziraat Katılım Bankası A.Ş. kampanya koşullarını değiştirme veya durdurma hakkına sahiptir.""]";0.95;rule_heuristic;;şteri maksimum 250 TL iade kazanabilir. Kampanyaya hak kazanan müşterilerimize iadelerin yapılabilmesi için iade tarihinde hesaplarının ve kartlarının açık olması gerekmektedir. Bir müşteri kampanyadan bir kez yararla;Kampanya müşteri özelinde olup yalnzıca SMS ile bildirim yapılan müşteriler kampanyaya dahil olabilecektir. | Belirtilen tarihler arasında yapılan tek seferde 1.000 TL ve üzeri harcamalarda banka kartına 250 TL iade edilecektir. | ATM para yatırma, para çekme, iade ve iptal işlemleri haricinde yapılan tüm harcamalar kampanyaya dahildir. | Maaş müşterileri kampanyaya dahil değildir. | Bir müşteri maksimum 250 TL iade kazanabilir. | Kampanyaya hak kazanan müşterilerimize iadelerin yapılabilmesi için iade tarihinde hesaplarının ve kartlarının açık olması gerekmektedir. | Bir müşteri kampanyadan bir kez yararlanabilir. | Bu kampanya, başka kampanyalar ile birleştirilemez.;fix;#recall-opus5 Modelin ikinci cümlesi genel yasal ihtardır — K2 gereği atıldı. Birinci cümle geçerli ama listenin geri kalanı kaçırılmış: SMS bildirim koşulu, maaş müşterisi hariç tutulması, tavan, tek kez yararlanma, birleştirilememe. Cümleler K1 uyarınca birebir (kaynaktaki yazım hatası dahil) alındı.;v2
ziraat-katilim--kart-kampanyalari-size-ozel-banka-karti-kampanyasi;ziraat-katilim;hedef_kitle;"[""maas_musterisi""]";0.95;rule_heuristic;;POS'larından yapılan işlemler dahildir. Maaş müşterileri kampanyaya dahil değildir. E-ticaret iş;belirli_segment;fix;"#recall-opus5 maas_musterisi YANLIŞ: metin 'Maaş müşterileri kampanyaya dahil değildir' diyor, yani olumsuzlanan segment — NEGASYON kuralı gereği etiket üretmez. Buna karşılık kampanya müşteri özelinde ve yalnız SMS ile bildirim yapılanlara açık; bankaca seçilmiş kapalı kitle -> belirli_segment.";v2
